Timestamp,Your age,How many months or years have you attended the church?,Your gender,In Your Opinion... [I feel like I am a part of the congregation.],In Your Opinion... [I feel connected to others as I worship here.],In Your Opinion... [People help each other and pray for one another.],In Your Opinion... [There is a strong sense of unity within our church.],In Your Opinion... [Our church ministers to the needs of people in our community.],In Your Opinion... [I am/or have grown spiritually as a result of attending here.],In Your Opinion... [The preaching of God‚Äôs word in our church is clear.],In Your Opinion... [Our worship services inspire genuine heartfelt praise.],2.	What aspect of this church do you like that you haven‚Äôt been able to find or have experienced at another church? ,"3.	If you have visited other churches, what did you like there that our church does not offer? ",4.	What is the most important reason you attend this church?,5.	In what areas do you believe the church could use the most improvement? (Choose only three),"6.	Concerning an incoming pastor, what ministry experience do you believe is most important? (Choose only two)",7.	Where do you envision our church in five years?,8.	Would you recommend this church to a friend? Why or why not?,9.	What else would you like the search committee to consider? 
2020/10/18 7:58:21 PM EST,62,15,male,Strongly Agree,Agree,Agree,Neither agree nor disagree,Disagree,Neither agree nor disagree,Neither agree nor disagree,Agree,cannot think of anything,ways to serve the community,Other,impression and attendance;reaching younger generation;building community,missions and outreach;church growth,preparing upcoming generations to take over,yes. has potential,"clear, applicable Bible teaching"
2020/10/19 11:33:36 AM EST,69,4 years,Female,Strongly Agree,Strongly Agree,Strongly Agree,Strongly Agree,Strongly Agree,Strongly Agree,Strongly Agree,Strongly Agree,More personal interaction with the congregation,Allowed time for testimonies and spoken prayer requests.,fellowship community,outreach and evangelism;Other,discipleship;church growth,Larger attendance & bringing more lost souls to God,Yes because we love God's people,A pastor who preaches through the spirit of the Lord and not be constricted by the clock.
2020/10/19 12:35:40 PM EST,73,4 years,male,Strongly Agree,Agree,Strongly Agree,Strongly Agree,Strongly Agree,Strongly Agree,Agree,Agree,,Personal welcoming of new visitors.,fellowship community;love of preaching;Other,impression and attendance;preaching,prayer ministry;church growth,Full capacity of the sanctuary,Yes. Welcoming atmosphere by the congregation.,A person who will keep your mind on the sermon in a spiritual and joyful way.
2020/10/19 3:21:32 PM EST,71,55,Female,Neither agree nor disagree,Neither agree nor disagree,Agree,Strongly Disagree,Agree,Agree,Neither agree nor disagree,Neither agree nor disagree,Long friendships,Worship was more inclusive of congregation.  Music was familiar and not performance music.,raised in this church/long history,building community;communication;Other,discipleship;Other,Either thriving or barely surviving,No.   Too unstable at this time.,"Someone with vision and drive, not just filling a role.   Truly called to ministry not just finding it is a job to do."
2020/10/19 3:48:56 PM EST,72,50 years,male,Agree,Neither agree nor disagree,Strongly Agree,Disagree,Disagree,Agree,Agree,Strongly Disagree,,Excellent Worship Services  enhanced  by Worshipful atmosphere. I am Often embarrassed with our services.  We are there to Worship not be entertained!,raised in this church/long history,reaching younger generation;building community;preaching,discipleship;missions and outreach,Strong Pastoral leadership that will assist in developing a new vision to unify the congregation in meeting Biblical objectives. Unity is the key ingredient to achieving any objectives.,Not sure. If we continue with the type of ministry we have the past 10 years the answer is probably not! We have lost our focus and ability to fulfill our stated mission and vision.,"Think outside the box. Don‚Äôt limit your search to geographical area, Economics,  denomination, or Church of God credentials. I have not been impressed with a number of Church of God Credentialed  Pastors. I do believe some Seminary experience would be helpful. I do believe the new pastor needs to have a fair knowledge of Social Media Tools. The pastor wife needs to be active in the ministry. Our past two pastors wife‚Äôs did not play a significant role in the congregation. Most of all he needs to be a strong leader not just a manager. He should be able to lead the various committees not just follow their direction."
2020/10/19 5:10:55 PM EST,72,50 years,male,Agree,Neither agree nor disagree,Strongly Agree,Disagree,Disagree,Agree,Agree,Strongly Disagree,,Excellent Worship Services  enhanced  by Worshipful atmosphere. I am Often embarrassed with our services.  We are there to Worship not be entertained!,raised in this church/long history,reaching younger generation;building community;preaching,discipleship;missions and outreach,Strong Pastoral leadership that will assist in developing a new vision to unify the congregation in meeting Biblical objectives. Unity is the key ingredient to achieving any objectives.,Not sure. If we continue with the type of ministry we have the past 10 years the answer is probably not! We have lost our focus and ability to fulfill our stated mission and vision.,"Think outside the box. Don‚Äôt limit your search to geographical area, Economics,  denomination, or Church of God credentials. I have not been impressed with a number of Church of God Credentialed  Pastors. I do believe some Seminary experience would be helpful. I do believe the new pastor needs to have a fair knowledge of Social Media Tools. The pastor wife needs to be active in the ministry. Our past two pastors wife‚Äôs did not play a significant role in the congregation. Most of all he needs to be a strong leader not just a manager. He should be able to lead the various committees not just follow their direction."
2020/10/19 5:17:07 PM EST,66,10 years,Female,Agree,Agree,Agree,Agree,Agree,Agree,Agree,Agree,Close relationships,Music,because of family/friends,visitation;communication,young families;discipleship,,Yes loving environment,Giving Pastor Dwight position
2020/10/19 5:31:38 PM EST,67,10 years,male,Agree,Agree,Strongly Agree,Disagree,Agree,Agree,Neither agree nor disagree,Strongly Disagree,Family attends,More traditional music,because of family/friends,reaching younger generation;building community;preaching,children's ministry;discipleship,At same level unless leadership provides motivational direction,Possibly but it would be limited based on worship format,I'm praying for you
2020/10/19 5:42:36 PM EST,66,12 years,Female,Agree,Agree,Agree,Neither agree nor disagree,Agree,Agree,Agree,Agree,,Hymns,because of family/friends,impression and attendance;visitation;communication,young families;discipleship,,Yes loving congregation,Pastor Dwight is my choose
2020/10/20 9:05:55 AM EST,60,53,male,Agree,Neither agree nor disagree,Agree,Neither agree nor disagree,Neither agree nor disagree,Agree,Neither agree nor disagree,Neither agree nor disagree,"DONT KNOW, HAVE ONLY GONE TO THIS CHURCH","STRONGER MESSAGES, ABOUT WORLDLY ISSUES",because of family/friends,impression and attendance;building community;communication,children's ministry;discipleship,"LOVING FAMILY, DISCIPLESHIPLING PEOPLE WITH GODS WORD NOT THE WORLDS VIEW","MAYBE, UNCERTAIN HOW I FEEL ABOUT ARE CHURCH NOW","SOMEONE I COULD TALK TO AND KNOW IT WAS KEPTED TO THEMSELVES AND ARE NOT AFRAID TO TAKE ON THE HOT TOPICS OF THE WORLD FROM GODS WORD. SOMEONE THAT KNOWS THE WORD OF GOD AND DOES NOT MISS USE IT TO FIT THERE MASSAGE AND WOULD MAKE THEMSELVES AVAILABLE AFTER CHURCH FOR QUESTIONS AND DISCUSSION. SOMEONE WHOSE FAMILY WOULD BECOME PART OF THE CHURCH FAMILY AND MY FAMILY A PASTOR NOT A PREACHER, A LEADER NOT A BOSS"
2020/10/20 9:52:42 AM EST,81,5 years,Female,Strongly Agree,Strongly Agree,Strongly Agree,Agree,Strongly Agree,Strongly Agree,Strongly Agree,Agree,The friendliness and care of the congregation.,More hymns.  They‚Äôre a very important part of my life.,fellowship community,impression and attendance;building community;preaching,small groups;young families,"I hope we get the Sunday School program going again, and attract young families.  That builds the church.  A young minister with a family would be ideal.  ","Yes, because of the friendliness and care of those attending.","Someone who would be able to get the different age groups to work together.  We now have a wonderful leader for the Young at Heart, but the other groups need a leader, so we can all help each other.  A minister who can relate to all age groups would be a real blessing.  "
2020/10/20 12:05:29 PM EST,67,28,Female,Agree,Agree,Agree,Agree,Agree,Agree,Agree,Agree,,,fellowship community;location;love of preaching;love of music;ministry offerings,impression and attendance;reaching younger generation,discipleship,hoping for growth older people are passing on,yes it is friendly and welcoming,
2020/10/20 12:06:57 PM EST,17,7 years,Female,Strongly Agree,Agree,Agree,Neither agree nor disagree,Agree,Strongly Agree,Strongly Agree,Strongly Agree,"The feeling of belonging, that I fit in well.",More youth/young adult events,fellowship community;because of family/friends,reaching younger generation;preaching,small groups;Other,In a place that caters towards both the younger & older generations effectively.,Yes because of its potential.,I feel like I really connect best when Pastor Dwight preaches versus other pastors that have preached to me because he keeps my attention by being versatile and using visual props as well as bringing in real life situations to his sermons. He is also very relatable and down to earth which helps.
2020/10/20 2:47:06 PM EST,68,30+,Female,Strongly Agree,Agree,Agree,Agree,Agree,Agree,Agree,Agree,Only church I‚Äôve really gone to so n/also,Little more freedom in worship.,fellowship community,reaching younger generation;preaching,young families;discipleship,Unsure,"If young children not sure, our ministries to most groups , people kinda in limbo right now. And a lot of this could be because of the world not just our church","It was nice years past to have Easter, Christmas specials. "
2020/10/20 4:33:45 PM EST,68,30+,Female,Strongly Agree,Agree,Agree,Agree,Agree,Agree,Agree,Agree,Only church I‚Äôve really gone to so n/also,Little more freedom in worship.,fellowship community,reaching younger generation;preaching,young families;discipleship,Unsure,"If young children not sure, our ministries to most groups , people kinda in limbo right now. And a lot of this could be because of the world not just our church","It was nice years past to have Easter, Christmas specials. "
2020/10/20 7:30:27 PM EST,54,11 months,Female,Agree,Agree,Agree,Agree,Strongly Agree,Strongly Agree,Strongly Agree,Strongly Agree,"I am amazed at the genuine care and concern I have seen in Bill, Dwight and Mindy for everyone in this church. It is truly a blessing!","I think it's hard to know because of Covid but for us, the people at Huber outsell all the bells and whistles that many other larger churches offer. ",fellowship community;love of preaching;love of music,impression and attendance;reaching younger generation;outreach and evangelism,young families;discipleship,"Hopefully back to normal!üòä I'd love to see growth in the kids/youth/young adult areas. Overall growth would be good but not at the expense of losing the community, pastoral care and teaching of Biblical truths.  I'd love to see a series on discipleship for all ages and opportunities to go out and practice what we've learned. I'd also love to see an all church mentorship program (from seniors to kids) where each generation one on one mentors another in growing in our faith and reaching our fullest potential for Christ. ","Yes! Once again, because of the friendliness of the members, the genuine care of the pastors, the teaching of God's word and the music.","Honestly, we love Dwight. Coming from a large church, it is so refreshing to hear real, not perfect but loaded with scripture sermons from someone who genuinely cares about the people. In addition, his lifestyle reflects his relationship with Christ. It seems that this is a given for a Church of God pastor but unfortunately it isn't always the case. I think my biggest vote for him comes because my youngest is extra excited to come when she knows Dwight is preaching. He's extremely relatable to the younger generations. She sees him as real, genuinely caring about her and encouraging her to keep digging deeper and that to me is priceless! My prayers are with you all as you seek God's will in this! Thanks for your time!"
2020/10/20 9:12:11 PM EST,68,30 years,Female,Strongly Agree,Strongly Agree,Strongly Agree,Disagree,Agree,Agree,Agree,Agree,Small groups,More familiar worship songs.    Testimonies.,fellowship community;location;because of family/friends,building community;visitation;preaching,small groups;discipleship;Other,"Deeper spirituality,   More families.    Deeper commitments","Yes, we are kind, loving and supportive ",Deep biblical sermons that teach and challenge
2020/10/21 10:05:42 AM EST,68,30 years,Female,Strongly Agree,Strongly Agree,Strongly Agree,Disagree,Agree,Agree,Agree,Agree,Small groups,More familiar worship songs.    Testimonies.,fellowship community;location;because of family/friends,building community;visitation;preaching,small groups;discipleship;Other,"Deeper spirituality,   More families.    Deeper commitments","Yes, we are kind, loving and supportive ",Deep biblical sermons that teach and challenge
2020/10/21 10:35:47 AM EST,54,30+,male,Strongly Agree,Strongly Agree,Strongly Agree,Agree,Neither agree nor disagree,Strongly Agree,Agree,Strongly Agree,heart felt warmth of the community,they are more outreach and mission driven,raised in this church/long history,impression and attendance;reaching younger generation;outreach and evangelism,discipleship;missions and outreach,doing more outreach and impacting families with the love of Christ,Yes. Because I love my church,"Whoever the committee decide to be our next pastor. Please make sure the individual is driven to move our church forward in reaching the next generation but most importantly, not forgetting our elderly, who are the heritage of our church."
2020/10/21 3:00:18 PM EST,81,15 years plus,Female,Agree,Agree,Agree,Neither agree nor disagree,Agree,Agree,Strongly Agree,Neither agree nor disagree,,singing hymns,fellowship community;location;because of family/friends,visitation,small groups;missions and outreach,I hope we will have grown in numbers and more caring for each other,yes I feel the the Lords word is taught here and the members are loving,I I want Weds and Sunday eve services and an experienced pastor
2020/10/22 5:23:35 PM EST,68,30 years,Female,Strongly Agree,Strongly Agree,Strongly Agree,Disagree,Agree,Agree,Agree,Agree,Small groups,More familiar worship songs.    Testimonies.,fellowship community;location;because of family/friends,building community;visitation;preaching,small groups;discipleship;Other,"Deeper spirituality,   More families.    Deeper commitments","Yes, we are kind, loving and supportive ",Deep biblical sermons that teach and challenge
2020/10/22 10:03:55 PM EST,25,10 months,male,Neither agree nor disagree,Disagree,Agree,Neither agree nor disagree,Neither agree nor disagree,Neither agree nor disagree,Agree,Agree,It‚Äôs a smaller group of people,Haven‚Äôt visited other churches,because of family/friends,reaching younger generation,small groups;young families,I‚Äôm not sure,"Yes, I think my friend would also like the smaller group of people",N/A
2020/10/22 10:54:02 PM EST,25,11 months,Female,Agree,Agree,Strongly Agree,Strongly Agree,Strongly Agree,Strongly Agree,Strongly Agree,Strongly Agree,"I really love how caring the staff has been. I have never really felt invested in by a pastor the way I have with Dwight and Mindy (and Bill too!). They are so genuine and I never feel like they are just putting on a face. I love that the Bible is preached and that people in leadership are living lives that reflect Jesus. I also love the upbeat, current music! ","It is hard to compare other churches because most of the ones I have been to have been larger - but most of the things are just surface/flashy things like stage lighting, decor, and stuff like that. The core of this church is just awesome so I really can't see anything that needs to be added! The people make Huber shine and stand out from the rest. ",fellowship community;love of preaching;love of music;because of family/friends,impression and attendance;reaching younger generation;building community,young families;discipleship,"I would love to have a thriving children's, youth and young adult's ministry (what we have now is great but I would love to see it grow and be able to reach more kids!) - small groups for people to get plugged in, and would really emphasize growth and accountability! People pouring into others and discipleship - sermons continuing to be based solely on the word and how we can apply it to our lives - continue to have great current music - maybe even an updated sanctuary to be more attractive to younger generations (but that is just extra) and if I may be so bold, I would love for Dwight to be the lead pastor! ","Yes I would! I think there is a great community, great leaders, awesome worship and the teaching is always straight from the word. ","I think you guys have been doing such a great job and I am excited to see who you find to be our pastor! This church is such a wonderful place and I feel a lot of it is the people who are a part of it. But definitely consider Dwight! He is such a great leader and so genuine. I think he would do such a great job! He is a living example of who we are called to be - he isn't perfect yet he is striving to live a godly life. God is using him to show us He doesn't want perfect, He just wants us to be who He created and called us to be. I think that Christians feel they have to appear perfect all the time, so having a lead pastor that shows its okay not to be perfection is so refreshing!  I would take a personable loving pastor over a well spoken preacher any day! 

Thank you all for all of the time you are devoting to this search! I have been and will be praying for you as you search for the best candidates! I know you will pick/find someone perfect for us. Have a great day!"
2020/10/23 10:22:55 AM EST,80,4-5 years,male,Strongly Disagree,Strongly Disagree,Strongly Disagree,Strongly Disagree,Agree,Agree,Strongly Disagree,Strongly Disagree,Nothing different than at other churches i have been a part of.,The songs.  I prefer some of the older songs be sung from time to time.,because of family/friends,reaching younger generation;outreach and evangelism;visitation,missions and outreach;church growth,This depends on the Pastor that is chosen.  I really like they way Pastor Dwight delivers the message.,Depends on the pastor that is chosen.,I would put Pastor Dwight in first place. He knows the church.  Get an assistant pastor to help him that can minister to the young people also.
2020/10/23 11:51:43 AM EST,25,10 months,male,Neither agree nor disagree,Disagree,Agree,Neither agree nor disagree,Neither agree nor disagree,Neither agree nor disagree,Agree,Agree,It‚Äôs a smaller group of people,Haven‚Äôt visited other churches,because of family/friends,reaching younger generation,small groups;young families,I‚Äôm not sure,"Yes, I think my friend would also like the smaller group of people",N/A
2020/10/23 6:43:05 PM EST,46,5,male,Strongly Agree,Strongly Agree,Strongly Agree,Strongly Agree,Strongly Agree,Strongly Agree,Strongly Agree,Strongly Agree,N/A,N/A,Other,reaching younger generation,young families;church growth,About the same.,Yes.,N/A
2020/10/25 6:06:59 PM EST,65,12 years,Female,Strongly Agree,Strongly Agree,Agree,Agree,Agree,Strongly Agree,Strongly Agree,Strongly Agree,The closeness of the congregation,More groups classes and church programs,fellowship community,impression and attendance;reaching younger generation;building community,small groups;church growth,large congregation and more active members within the church,"Yes, because of the love within the congregation",I would love to see Pastor Dwight become the next pastor.
2020/10/25 6:23:14 PM EST,49,5,Female,Strongly Agree,Agree,Agree,Neither agree nor disagree,Strongly Agree,Strongly Agree,Strongly Agree,Strongly Agree,I feel like the same people are always in charge they don't give opportunities to others to help or bring new fresh ideas when is about to take decisions is always the same people is why I feel a lot of people have gone to other church where they can participate more.,For example visit the people in need no just the pastor going to the hospital also other groups pray in the homes.,fellowship community;location;love of preaching,impression and attendance;building community;outreach and evangelism,small groups;church growth,"Would like to see a bigger congregation ,  I feel like everyone is looking for new church and don't understand why.",I am not sure if I would recommend this church.,"I would like Pastor Dwight will be our Pastor, he is knows better than nobody else the church and the people I think the committee should look for a youth pastor not for a Senior Pastor, I think he is the best for our church.  Why to bring a stranger to our church when we already have the best of the best , he is the one."
2020/10/27 2:44:50 PM EST,59,42,Female,Neither agree nor disagree,Neither agree nor disagree,Agree,Disagree,Agree,Agree,Neither agree nor disagree,Agree,relationships with people I have know a long time,sense of one purpose,location;because of family/friends;raised in this church/long history,reaching younger generation;building community;preaching;communication,discipleship;Other,If the new pastor can bring unity I think we will a booming church,Not currently,"It is important to understand what everyone ""needs"".  It is also good to remember that we cannot be all things to all people.  Keep before you what God wants for this church.  Perhaps that isn't the same as what the current congregation wants."
2020/10/28 2:01:09 PM EST,57,50 years,Female,Strongly Agree,Strongly Agree,Strongly Agree,Agree,Agree,Strongly Agree,Strongly Agree,Agree,"Being here most of my life, I have limited exposure to other churches. That said I appreciate the generosity of people. They are generous with their kindness, prayer support, finances, time and talents. 

This church has always had a priority of preaching God‚Äôs word. We strive to stay in line with God‚Äôs teaching and His will. This body of believers has a strong foundation. We don‚Äôt get caught up in compromising the Word to try and ‚Äúfit in‚Äù  so as to attract people to us. We try to focus on God so that they will be attracted to Him. ","Some hospitality features such as a manned hospitality station for information gathering and dissemination. 

We know we need to and we want to grow our Life Group ministry. We just need a champion and momentum in this direction. 

We know we need to and we want to grow our Outreach/Mission ministry. We just need a champion and momentum in this direction.",fellowship community,reaching younger generation;outreach and evangelism;visitation,discipleship,"A strong presence, identity in the community. Known for a place to belong, a place to come to with one‚Äôs needs. Growing thru evangelism. Discipling new converts. Training up leaders. Running outreach/missions full tilt without limitations of resources. ",Yes. I think it is a solid church in terms of preaching the word and ministering to others. The people here will love and support new comers.,Seek and know the will of God for whom He is calling to us. This first and foremost. God knows us best and knows what is best for us better than we can ever surmise.
2020/10/28 3:54:17 PM EST,64,15 years,Female,Agree,Neither agree nor disagree,Strongly Agree,Agree,Strongly Agree,Strongly Agree,Strongly Agree,Agree,There are many people in our congregation who are willing to have the difficult conversations that lead to better understanding of and growth in God's word.,"Fewer songs, more prayer and sharing testimony.",fellowship community,impression and attendance;reaching younger generation;building community,prayer ministry;church growth,Having a much larger congregation with more young families; being an anchor in the Huber Heights community.,"Yes, because I believe in our mission and in our future.","Our next pastor should have the support of a spouse who is willing to also be part of ministering to our church and to our community. This pastor should have a special gift for connecting with people of all ages, and be willing/able to draw younger families to HHCOG."
2020/10/28 4:10:40 PM EST,65,Off and on for over 40 years.,male,Agree,Agree,Strongly Agree,Agree,Strongly Agree,Strongly Agree,Strongly Agree,Strongly Agree,A sense of family.,More sharing about outreach and what's going on with missions and individuals. More opportunities for informal and fun fellowships.,fellowship community,impression and attendance;reaching younger generation;communication,young families;church growth,Doubled in size of congregation. With more established community outreach programs. Expanded programs for children and young families.,"Yes, because I think this church has a family feel that I expect to only get better.",We  already have a great choice in Dwight Bruggeman (and his family).
2020/10/29 4:47:50 PM EST,50,5 Years,male,Neither agree nor disagree,Disagree,Disagree,Disagree,Neither agree nor disagree,Disagree,Neither agree nor disagree,Strongly Disagree,Nothing unique about our church,"Energy during worship, true community outreach",location;Other,building community;outreach and evangelism;preaching,Other,Very small attendance,No.  More energy somewhere else.,
2020/10/30 12:25:19 PM EST,63,2 years,Female,Agree,Agree,Strongly Agree,Agree,Strongly Agree,Strongly Agree,Strongly Agree,Strongly Agree,I live in Cincinnati so M unable to attend Sunday services regularly.,I was raised Catholic and love what both The catholic church and the church of God have to offer!,because of family/friends,building community;outreach and evangelism;communication,prayer ministry;missions and outreach,Close knit and active,"Yes, to suggest getting involved.","Dwight Bruggleman to be the pastor ! He has many gifts that the church can use to become a more vibrant, compassionate, caring church!"
2020/10/31 4:15:16 PM EST,,,,Disagree,Strongly Disagree,Strongly Disagree,Strongly Disagree,Disagree,Neither agree nor disagree,Neither agree nor disagree,Strongly Disagree,,,,,,,,"Three times we have asked a pastor to pray over someone in our family.  The first time they agreed, then when Sunday came they forgot.  The second and third time we asked, we never got a response back.  This past week a pastor posted on Facebook James 5:14.  We did this, and it didn't happen."
2020/10/31 4:24:54 PM EST,52,6 years,male,,Strongly Disagree,Strongly Disagree,Disagree,Strongly Disagree,Strongly Disagree,Neither agree nor disagree,Strongly Disagree,The spirit,The spirit,fellowship community;location;Other,reaching younger generation;outreach and evangelism;visitation;Other,young families;missions and outreach,Closed,NO!!! Don't have anything to offer the men. Don't seem to have very much for the youth.,Age 35-45 and have a family with some kids still at home.
2020/11/01 5:04:24 PM EST,,6 yrs,Female,Neither agree nor disagree,Neither agree nor disagree,Agree,Neither agree nor disagree,Neither agree nor disagree,Disagree,Disagree,Neither agree nor disagree,,more active in the community and more activities for youth,Other,impression and attendance;reaching younger generation;outreach and evangelism,young families;discipleship;missions and outreach,Still,no nothing for the youth to do and no outreach in the community,
2020/11/02 1:38:07 PM EST,62,5 years,Female,Strongly Agree,Strongly Agree,Strongly Agree,Strongly Agree,Agree,Strongly Agree,Strongly Agree,Strongly Agree,That people genuinely care about one another and always willing to help,I haven't found anything at other churches that I like better than HHCG,fellowship community;love of preaching;love of music,reaching younger generation;visitation;communication,small groups;discipleship,"All aspects of our church have grown, ie small groups, youth, children ministry","Yes, This church is very friendly to new people making them feel wanted",To find a minister that is down to earth and preaches directly from the bible
2020/11/02 1:38:42 PM EST,50,14 years,Female,Strongly Agree,Disagree,Neither agree nor disagree,Disagree,Disagree,Disagree,Neither agree nor disagree,Neither agree nor disagree,Unsure,"Options for small or life groups. 
Good communication about the life of the church. ",because of family/friends,visitation;preaching;communication,discipleship;church growth,"Filled with more people of all ages. 
Excitement and positive attitudes. ",Not really.,"Age of a pastor does not always matter. An older pastor can grow the church and reach young families. A younger pastor can minister to the elderly. 
Let's not leave the elderly behind. "
2020/11/02 2:14:02 PM EST,27,20 years,male,Agree,Agree,Strongly Agree,Disagree,Agree,Disagree,Disagree,Disagree,"I appreciate the prayerfulness of this church. I also like that this church feels like one big family. Just like any family, there are disagreements and divisions. But at the end of the day, I feel like the members of this church can put those aside and still love each other.","I have liked other churches that have very cutting edge and engaging worship services, and it is something I feel we are still lacking in. Other successful churches I have been to have had really impactful, forward-thinking pastors with action-oriented messages. That is never something we have had here that I would love to see.",raised in this church/long history,impression and attendance;reaching younger generation;preaching,discipleship;church growth,"In five years I would like to see this church flip its focus from prioritizing the wants of the people regularly in the pews to prioritizing the people that have yet to visit us and focus on the new faces that do come in our doors. There should be a clear and established pathway for new people to fit into the mold and get involved with the church. I'd like to see the church establish and communicate a solid vision and tangible goals to the congregation. In five years, we can easily establish core pillars of faith and communicate what it means to be a part of the HHCOG community. Relationship building and deeper spiritual development can certainly be tangible in our congregation over the next five years with the development of a strong adult small group program and discipleship programs.","No. Most of my friends look to get two things out of a church: modern contemporary worship service and a place to nourish deeper spiritual growth. Unfortunately, I cannot say we offer either at the moment.",Please do not be clouded by self-righteousness. Read Luke 18:9-14.
2020/11/02 4:29:48 PM EST,71,5 years,male,Agree,Agree,Agree,Agree,Agree,Strongly Agree,Strongly Agree,Strongly Agree,Comradery,Nothing,fellowship community;because of family/friends,reaching younger generation;visitation;communication,small groups;church growth,Continual growth in all aspects of the church,"Yes, the fellowship and following of the bible",Next preacher to use bible to preach to what happens in daily life
2020/11/02 11:02:50 PM EST,Adult over 35,Over 2 years,Female,Agree,Agree,Strongly Agree,Strongly Agree,Strongly Agree,Agree,Agree,Strongly Agree,The outreach ministry,"An altar call at the end of the service for those who need to give their life to Jesus. Also I feel that the pastor needs to give messages about the times we are living in and prepare the people for the return of Jesus. The people need to know that we are living in the end of the end days and that Jesus is coming back for His bride SOON.  They need to know that they need to repent for the Kingdom of Heaven is at hand. He is coming for a bride who is without spot, wrinkle or blemish.  I want a pastor who is on FIRE for the Lord and who preaches repentance!!",fellowship community;location;love of preaching,reaching younger generation;outreach and evangelism;preaching,discipleship;church growth,"It would be wonderful if there is a pastor who is a strong leader with a passion for God who wants to see people grow in Christ. I pray it will be someone who stands on faith and God's word alone and does not conform to what the world wants.  I would also love to see our outreach ministries resume again with feeding the hungry and visiting the sick, and reaching the youth and the lost for Christ. ","If we're talking about before the fake plandemic, then yes I would.  But if we're talking about now, then unfortunately no not in it's current state. I used to recommend it but sadly not anymore.  I pray that God removes the scales from people's eyes and they see the truth and the truth sets them free. Sadly, as I see it right now this church is dying and some would say it is already a dead church with dry bones in need of revival. I pray daily for this church and for the congregation and it is my hope that it comes back to life with the fire of the Holy Spirit.  ","Please try to find someone who can lead the youth. We really need a youth director who can lead them to Christ and teach them, not to play games, but to actually learn about Christ and how to have a relationship with him. There needs to be Sunday School for the youth also where they have lessons and learn, not hang out and sit around, but to learn and be taught from the Bible. "
2020/11/04 6:38:07 PM EST,67,10 years,male,Agree,Agree,Strongly Agree,Disagree,Agree,Agree,Neither agree nor disagree,Strongly Disagree,Family attends,More traditional music,because of family/friends,reaching younger generation;building community;preaching,children's ministry;discipleship,At same level unless leadership provides motivational direction,Possibly but it would be limited based on worship format,I'm praying for you
2020/11/04 6:59:20 PM EST,46,12+,male,Strongly Agree,Strongly Agree,Agree,Neither agree nor disagree,Neither agree nor disagree,Agree,Agree,Agree,A tolerance for differing doctrinal beliefs,"A large youth group
",because of family/friends,building community;preaching;communication,discipleship;church growth,Growing community of faithful people of all ages,With caution if they have children because of the lack of a vibrant youth group.,The importance of the healthy growth of a kingdom building community
2020/11/05 4:07:58 PM EST,56,33 years,Female,Strongly Agree,Strongly Agree,Strongly Agree,,Agree,Agree,Strongly Agree,Strongly Agree,,,fellowship community;raised in this church/long history,reaching younger generation;building community;outreach and evangelism,discipleship;church growth,Full of young families with lots of children,,Someone who can attract young families but also minister to the more mature believers
2020/11/05 5:50:10 PM EST,57,33,male,Strongly Agree,Agree,Strongly Agree,Agree,Neither agree nor disagree,Agree,Neither agree nor disagree,Agree,"I think you are asking, what aspect do I like at this church that I didn't find at other churches.  (Why did I choose to attend this church?)  If that is the question - when we started attending there was a thriving young adults/young married group of strong Christians that was a great draw.  We looked forward to seeing all our friends and sharing life with other believers.  We haven't visited too many other churches since starting to attend.",Genuine community outreach,love of music,reaching younger generation;building community;outreach and evangelism,young families;missions and outreach,"With a new pastor, I am hoping to see significant growth in the young family segment.",Yes.  I think we have a lot to offer once we are opened back up again with a new pastor and a focus on building our church community and outreach.,"I would like to see a plan for personal commitment (small groups?) and to get back to a ""church family"" atmosphere that was so evident many years ago, i.e. a sense of belonging and genuine concern for others through normal daily interactions and a blending of all age groups.  "
2020/11/07 6:29:51 PM EST,59,29 years,male,Disagree,Disagree,Agree,Neither agree nor disagree,Neither agree nor disagree,Disagree,Disagree,Neither agree nor disagree,It is familiar.,They teach the gospel.  Not this is warm and fuzzy stuff.,raised in this church/long history,building community;preaching;communication,prayer ministry;discipleship;church growth,There is a revival coming.  Our church is NOT ready for it.,Not really.  The core beliefs are not taught or preached.,Someone who is not afraid of being political incorrect.  Someone who called a spade a spade and without any apologies.